Model,Extreme Cold (3-5),Moderate (6-10),Warm (>10)
cb,0.04793674405777622,0.04665656515727441,0.08707948512605015
cf,0.018422275120807137,0.009237495044545515,0.027938231715732356
hybrid,0.023832590798622707,0.02781582920967721,0.02019905496908958
hybrid_mab_mmr,0.0234844617989923,0.02845538015128502,0.02019905496908958
popularity,0.14275116146878591,0.11707549468645481,0.11179639034102735
