{
  "arms": [
    0.0,
    0.25,
    0.5,
    0.75,
    1.0
  ],
  "pulls": {
    "0": 105,
    "1": 108,
    "2": 107,
    "3": 101,
    "4": 111
  },
  "avg_rewards": {
    "0": 0.4473855079240112,
    "1": 0.4519149770436101,
    "2": 0.4505671128504453,
    "3": 0.4403814808143826,
    "4": 0.45558922012225556
  },
  "best_arm": {
    "index": 4,
    "lambda": 1.0,
    "avg_reward": 0.45558922012225556,
    "pulls": 111
  },
  "exploration_metrics": {
    "shannon_entropy": 2.3212220632148863,
    "exploration_ratio": 0.9996959287094073
  },
  "total_pulls": 532
}