Lambda,Diversity,Similarity_to_Lambda_0.0
0.0,0.5801,100.0
0.3,0.6569,2.4504084014002334
0.5,0.7468,0.23337222870478413
0.7,0.9265,0.0
1.0,0.9776,0.0
MAB-MMR,0.6003,
