context_group,avg_lambda_selected,avg_ndcg,avg_diversity,user_count
Event-Festival,0.06873638344226579,0.023207146852472632,0.5949406923263133,918
Hari Libur,0.06753926701570681,0.03784839594013826,0.6372309482257126,191
Kepadatan Tinggi,0.08520710059171598,0.024099075148733363,0.6280078895463511,169
Weekday-Hujan,0.08343949044585987,0.028691329429450498,0.5462137296532201,157
Weekend-Cerah,0.06390977443609022,0.014914756424794024,0.6177109440267334,133
Weekday-Lainnya,0.08333333333333333,0.008141781482844604,0.6031339031339031,78
Weekend-Lainnya,0.07794117647058824,0.014070182694277275,0.5866013071895424,68
