,popularity,cf,cb,hybrid,hybrid_no_context,hybrid_mmr_lambda_0.0,hybrid_mmr_lambda_0.3,hybrid_mmr_lambda_0.5,hybrid_mmr_lambda_0.7,hybrid_mmr_lambda_1.0,hybrid_mab_mmr
Weekend-Pagi-Cerah,0.12765971876949492,0.03488165065507075,0.055374871511133156,0.028371861687835585,0.06502664015754576,0.010665303133402226,0.0052672097369389215,0.03479575059931471,0.022854130977079112,0.023862031397915824,0.05517835966433878
Weekend-Siang-Ramai,0.15147450810208019,0.030150784030690967,0.03458867826580799,0.011698521008238144,0.06694365101631558,0.01659521203833563,0.023934122515500457,0.01742650551400193,0.010458696115272436,0.020013244074969183,0.06350201530927554
Weekday-Sore-Normal,0.12436389995700915,0.011507552130421763,0.04433791320735839,0.03583256077567466,0.042092286612909605,0.024994899856498585,0.026640448004692643,0.002006721277117207,0.023111324583408296,0.0023600932335656657,0.03633950878304379
Weekday-Malam-Hujan,0.15063353550573375,0.03547835972165647,0.05843100776333539,0.016610073086888947,0.0838725467272136,0.0317948433804404,0.020549964999794994,0.005030234162108451,0.01861660691180157,-0.0030853308693172595,0.16466948527151082
Libur-Siang-SangatRamai,0.1230293132796011,0.023353969772833372,0.03856355688225339,0.025228243167066552,0.0923750548806048,0.011819700540975201,0.04172725036079329,0.031154017702761883,0.03638948816991833,0.03133222230317996,0.09559044358040857
Lebaran-Pagi-Padat,0.1495530834165251,0.000392778480750873,0.03393442833544275,0.006234613876375642,0.10663836840290165,0.019972613907533403,0.013797826521166779,0.03329820513439447,0.013079663575094332,0.006776508673569236,0.12800705337945745
