user_segment,novelty_mab,novelty_hybrid
Low-Activity (Paling Sedikit Rating),0.8808287781087362,0.8778310584487142
Mid-Activity (Cukup Aktif),0.8811111111111111,0.8792277030393622
High-Activity (Paling Banyak Rating),0.8836247007653664,0.8815292154152197
